Ürün Adı,Resim URL
Ohne Zucker Hafer,https://images.openfoodfacts.org/images/products/541/118/812/4689/front_en.249.400.jpg
"Coca-Cola 2,5",https://images.openfoodfacts.org/images/products/544/900/001/6645/front_en.66.400.jpg
Original,https://images.openfoodfacts.org/images/products/730/040/011/8101/front_en.112.400.jpg
Tomato Ketchup,https://images.openfoodfacts.org/images/products/000/008/715/7260/front_en.100.400.jpg
Sprite,https://images.openfoodfacts.org/images/products/544/900/001/2203/front_tr.93.400.jpg
buono,https://images.openfoodfacts.org/images/products/869/507/708/6648/front_en.14.400.jpg
SESAM,https://images.openfoodfacts.org/images/products/730/040/011/2734/front_en.28.400.jpg
Milka MMMAX Oreo,https://images.openfoodfacts.org/images/products/762/221/075/0495/front_tr.11.400.jpg
Gold Lungo,https://images.openfoodfacts.org/images/products/000/002/022/5148/front_en.4.400.jpg
Crackers olive et thym,https://images.openfoodfacts.org/images/products/869/170/708/8068/front_en.9.400.jpg
Orbit professional strong mint,https://images.openfoodfacts.org/images/products/400/990/053/1221/front_en.4.400.jpg
Lifalif,https://images.openfoodfacts.org/images/products/869/052/606/9500/front_en.17.400.jpg
Peach juice,https://images.openfoodfacts.org/images/products/000/009/049/5489/front_fr.3.400.jpg
Orange,https://images.openfoodfacts.org/images/products/000/009/049/5434/front_en.3.400.jpg
Buttersoft,https://images.openfoodfacts.org/images/products/941/500/700/2079/front_en.7.400.jpg
Tadelle,https://images.openfoodfacts.org/images/products/868/341/700/0140/front_fr.3.400.jpg
Beypazari Dogal Maden Suyu / Natural Mineral Water Plain,https://images.openfoodfacts.org/images/products/869/138/100/0011/front_fr.11.400.jpg
Mood,https://images.openfoodfacts.org/images/products/869/914/105/7053/front_en.9.400.jpg
Gikolatati,Resim Yok
suzme peynir,https://images.openfoodfacts.org/images/products/869/507/702/0512/front_en.4.400.jpg
Penne rigate,https://images.openfoodfacts.org/images/products/869/507/700/0743/front_en.4.400.jpg
Lifalif  yulaf ezmesi,Resim Yok
Laviva,https://images.openfoodfacts.org/images/products/869/050/406/5395/front_en.12.400.jpg
Browni,https://images.openfoodfacts.org/images/products/869/052/609/9033/front_en.4.400.jpg
Finger biskiivi,https://images.openfoodfacts.org/images/products/869/507/708/4361/front_en.7.400.jpg
Fanta 330 kutu,https://images.openfoodfacts.org/images/products/544/900/000/3102/front_fr.4.400.jpg
Dido,https://images.openfoodfacts.org/images/products/869/050/402/8536/front_en.15.400.jpg
no:1 more,https://images.openfoodfacts.org/images/products/869/012/006/0408/front_en.32.400.jpg
Coca 900ml,https://images.openfoodfacts.org/images/products/544/900/022/8970/front_tr.5.400.jpg
Haribo jelly beans,https://images.openfoodfacts.org/images/products/869/121/604/4609/front_tr.11.400.jpg
Dost ayran,https://images.openfoodfacts.org/images/products/869/507/700/4444/front_en.4.400.jpg
Sirma Eynazli,https://images.openfoodfacts.org/images/products/869/105/814/1979/front_fr.4.400.jpg
Meyveli Sos,https://images.openfoodfacts.org/images/products/869/458/713/8496/front_tr.3.400.jpg
Labne,https://images.openfoodfacts.org/images/products/869/076/771/0469/front_en.10.400.jpg
SARELLE,https://images.openfoodfacts.org/images/products/868/341/700/0126/front_tr.16.400.jpg
Sauce poivre,Resim Yok
Schweppes 1 lt mandalina,Resim Yok
Lipton ice tea (peach),https://images.openfoodfacts.org/images/products/869/057/400/0821/front_en.7.400.jpg
Fromage frais Labne,https://images.openfoodfacts.org/images/products/869/056/500/6832/front_en.4.400.jpg
RisoVital Whole Grain Rice,https://images.openfoodfacts.org/images/products/800/186/025/1061/front_fr.3.400.jpg
Indomie Hot & Spicy Flavour,Resim Yok
Bulghur pilaff,https://images.openfoodfacts.org/images/products/869/337/425/7235/front_en.10.400.jpg
Sirma Dogal Kaynak Suyu,https://images.openfoodfacts.org/images/products/869/105/814/1948/front_en.16.400.jpg
olips,Resim Yok
Royal dessert,Resim Yok
Dankek Bites,https://images.openfoodfacts.org/images/products/869/076/606/4815/front_en.4.400.jpg
Sticks,https://images.openfoodfacts.org/images/products/869/052/606/4529/front_en.5.400.jpg
Labne,Resim Yok
Rulokat 9kat tat,Resim Yok
Biscuits riches en vitamines,https://images.openfoodfacts.org/images/products/325/622/744/7723/front_fr.20.400.jpg
Bar cake,https://images.openfoodfacts.org/images/products/869/050/405/9844/front_en.12.400.jpg
Krem peynir,https://images.openfoodfacts.org/images/products/869/507/700/2907/front_fr.3.400.jpg
Coca cream,https://images.openfoodfacts.org/images/products/869/743/930/1543/front_en.4.400.jpg
Et browni gold,https://images.openfoodfacts.org/images/products/869/052/606/9920/front_tr.16.400.jpg
koop uzun omurlu taze sut,https://images.openfoodfacts.org/images/products/869/200/519/0019/front_en.3.400.jpg
VIVIDENT FULL  FRESH XXL,https://images.openfoodfacts.org/images/products/000/008/072/8863/front_fr.3.400.jpg
Cay,https://images.openfoodfacts.org/images/products/869/010/500/0719/front_tr.13.400.jpg
premium,https://images.openfoodfacts.org/images/products/869/069/851/1678/front_tr.4.400.jpg
"salca
yurdum 
yurdum salca",https://images.openfoodfacts.org/images/products/869/507/700/0873/front_en.4.400.jpg
Pismaniye,https://images.openfoodfacts.org/images/products/869/071/013/7411/front_en.22.400.jpg
Pferde,Resim Yok
Burcak,https://images.openfoodfacts.org/images/products/869/052/606/1108/front_en.4.400.jpg
Pop-kek with chocolate,https://images.openfoodfacts.org/images/products/869/052/603/3754/front_bg.9.400.jpg
Caramio Karamel,https://images.openfoodfacts.org/images/products/869/076/614/9949/front_tr.11.400.jpg
organik yumurta,https://images.openfoodfacts.org/images/products/869/918/252/2404/front_tr.4.400.jpg
Dattes,https://images.openfoodfacts.org/images/products/613/252/938/0586/front_en.56.400.jpg
Peanut butter,https://images.openfoodfacts.org/images/products/869/102/606/0035/front_en.4.400.jpg
Hazir noodle,https://images.openfoodfacts.org/images/products/868/090/802/0014/front_tr.7.400.jpg
Tazej,https://images.openfoodfacts.org/images/products/613/250/457/0162/front_fr.9.400.jpg
Kadaif 500 GR S. V. X 20 Arev,https://images.openfoodfacts.org/images/products/376/007/715/0219/front_fr.20.400.jpg
Canga,https://images.openfoodfacts.org/images/products/869/052/604/7256/front_fr.3.400.jpg
Kellogs granola klasik 340,https://images.openfoodfacts.org/images/products/868/253/000/0167/front_tr.9.400.jpg
Assu,https://images.openfoodfacts.org/images/products/868/018/813/0076/front_fr.3.400.jpg
Rulokat 9kat tat,Resim Yok
VIVIDENT FULL  FRESH XXL,https://images.openfoodfacts.org/images/products/000/008/072/8863/front_fr.3.400.jpg
Ikram,https://images.openfoodfacts.org/images/products/869/050/401/0203/front_tr.21.400.jpg
Cay,https://images.openfoodfacts.org/images/products/869/010/500/0719/front_tr.13.400.jpg
tortu tam kraker,https://images.openfoodfacts.org/images/products/869/012/013/8725/front_tr.3.400.jpg
Fanta 1 litre,Resim Yok
Klasik,https://images.openfoodfacts.org/images/products/869/062/410/1874/front_tr.7.400.jpg
soosy,https://images.openfoodfacts.org/images/products/869/911/803/3523/front_ar.4.400.jpg
Biscuits riches en vitamines,https://images.openfoodfacts.org/images/products/325/622/744/7723/front_fr.20.400.jpg
Tortilla,https://images.openfoodfacts.org/images/products/869/984/707/0424/front_en.7.400.jpg
Masterpiece,https://images.openfoodfacts.org/images/products/869/050/415/3740/front_en.18.400.jpg
premium,https://images.openfoodfacts.org/images/products/869/069/851/1678/front_tr.4.400.jpg
Cikolata %80 Bitter,https://images.openfoodfacts.org/images/products/869/050/414/2980/front_en.12.400.jpg
Eti Karam Bitter,https://images.openfoodfacts.org/images/products/869/052/602/8040/front_fr.3.400.jpg
Albeni Viva,Resim Yok
mistral,Resim Yok
Tutku,https://images.openfoodfacts.org/images/products/869/052/677/0345/front_en.3.400.jpg
Eti pop kek limonlu,https://images.openfoodfacts.org/images/products/869/052/608/3704/front_en.4.400.jpg
Erikli,https://images.openfoodfacts.org/images/products/869/079/301/0151/front_tr.19.400.jpg
Fuze Peach Ice Tea 330ML,https://images.openfoodfacts.org/images/products/544/900/000/2952/front_en.10.400.jpg
Caffe mocha,https://images.openfoodfacts.org/images/products/869/063/206/0804/front_en.4.400.jpg
Cubuk craker,https://images.openfoodfacts.org/images/products/869/050/411/7858/front_fr.3.400.jpg
Cheerios,https://images.openfoodfacts.org/images/products/590/002/000/4574/front_en.5.400.jpg
peripella,https://images.openfoodfacts.org/images/products/869/507/702/0413/front_tr.9.400.jpg
Elmacik,https://images.openfoodfacts.org/images/products/868/015/281/0034/front_fr.3.400.jpg
Kakao,https://images.openfoodfacts.org/images/products/869/507/702/0833/front_tr.4.400.jpg
Eti Browni Gold,https://images.openfoodfacts.org/images/products/869/052/605/3738/front_tr.4.400.jpg
danette,Resim Yok
Hamur Kabartma Tozu,https://images.openfoodfacts.org/images/products/869/062/925/2007/front_tr.8.400.jpg
Lay's Baharatli,https://images.openfoodfacts.org/images/products/869/062/410/3069/front_en.6.400.jpg
bonaqua qaz,Resim Yok
Kakao,https://images.openfoodfacts.org/images/products/869/507/702/0833/front_tr.4.400.jpg
Ketchup,https://images.openfoodfacts.org/images/products/869/063/784/0821/front_fr.3.400.jpg
Eker Ayran,https://images.openfoodfacts.org/images/products/869/131/652/0416/front_fr.3.400.jpg
Kaymak,https://images.openfoodfacts.org/images/products/869/507/700/7780/front_tr.11.400.jpg
Pepsi max,https://images.openfoodfacts.org/images/products/869/057/482/1563/front_fr.3.400.jpg
Eti Karam Bitter,https://images.openfoodfacts.org/images/products/869/052/602/8040/front_fr.3.400.jpg
mistral,Resim Yok
Dorbi kakao,Resim Yok
Eti pop kek limonlu,https://images.openfoodfacts.org/images/products/869/052/608/3704/front_en.4.400.jpg
Tutku,https://images.openfoodfacts.org/images/products/869/052/677/0345/front_en.3.400.jpg
Ayran,https://images.openfoodfacts.org/images/products/869/507/704/1067/front_en.7.400.jpg
Ankara Tava,Resim Yok
Caffe mocha,https://images.openfoodfacts.org/images/products/869/063/206/0804/front_en.4.400.jpg
Avsar zwarte moerbei en bes,https://images.openfoodfacts.org/images/products/868/134/903/0433/front_en.7.400.jpg
Ikram,Resim Yok
"Nitrotech, iso whey",https://images.openfoodfacts.org/images/products/063/165/671/3626/front_fr.3.400.jpg
Yupo Jelly,https://images.openfoodfacts.org/images/products/869/084/017/9961/front_fr.11.400.jpg
Cubuk craker,https://images.openfoodfacts.org/images/products/869/050/411/7858/front_fr.3.400.jpg
Elmacik,https://images.openfoodfacts.org/images/products/868/015/281/0034/front_fr.3.400.jpg
Eti Browni Gold,https://images.openfoodfacts.org/images/products/869/052/605/3738/front_tr.4.400.jpg
Kakaolu findik cremali,https://images.openfoodfacts.org/images/products/868/075/100/7439/front_tr.15.400.jpg
Limonata,https://images.openfoodfacts.org/images/products/869/072/338/3300/front_fr.3.400.jpg
Hamur Kabartma Tozu,https://images.openfoodfacts.org/images/products/869/062/925/2007/front_tr.8.400.jpg
Noodle,https://images.openfoodfacts.org/images/products/868/090/802/0021/front_tr.8.400.jpg
danette,Resim Yok
Bal,https://images.openfoodfacts.org/images/products/869/099/815/1857/front_fr.3.400.jpg
Miel,https://images.openfoodfacts.org/images/products/869/019/890/0538/front_fr.15.400.jpg
Eti Pop kek Muzlu,https://images.openfoodfacts.org/images/products/869/052/608/3728/front_tr.3.400.jpg
sonnenblumen,https://images.openfoodfacts.org/images/products/570/111/620/1712/front_de.10.400.jpg
Milka oreo choco,https://images.openfoodfacts.org/images/products/762/221/057/8266/front_ar.8.400.jpg
peripella,https://images.openfoodfacts.org/images/products/869/507/702/0413/front_tr.9.400.jpg
TOBLERONE,https://images.openfoodfacts.org/images/products/007/622/300/0264/front_en.14.400.jpg
Eti Cin,https://images.openfoodfacts.org/images/products/200/000/002/5175/front_en.7.400.jpg
Sirma limon Aromali,https://images.openfoodfacts.org/images/products/869/105/814/1832/front_en.14.400.jpg
Pure Life,https://images.openfoodfacts.org/images/products/869/771/355/0032/front_tr.3.400.jpg
Cheerios,https://images.openfoodfacts.org/images/products/590/002/000/4574/front_en.5.400.jpg
Calve Ranch Sos,https://images.openfoodfacts.org/images/products/869/063/780/5202/front_tr.4.400.jpg
Orage juice,https://images.openfoodfacts.org/images/products/544/900/002/7313/front_en.3.400.jpg
Cikolata Kaplamah Pismanige,https://images.openfoodfacts.org/images/products/869/742/504/1071/front_en.14.400.jpg
Elmacik,https://images.openfoodfacts.org/images/products/868/015/281/0034/front_fr.3.400.jpg
Cikolata Kaplamah Pismanige,https://images.openfoodfacts.org/images/products/869/742/504/1071/front_en.14.400.jpg
peripella,https://images.openfoodfacts.org/images/products/869/507/702/0413/front_tr.9.400.jpg
Cheerios,https://images.openfoodfacts.org/images/products/590/002/000/4574/front_en.5.400.jpg
High PrtoteinBar,https://images.openfoodfacts.org/images/products/868/118/508/6090/front_es.3.400.jpg
Limonata,https://images.openfoodfacts.org/images/products/869/072/338/3300/front_fr.3.400.jpg
Hamur Kabartma Tozu,https://images.openfoodfacts.org/images/products/869/062/925/2007/front_tr.8.400.jpg
danette,Resim Yok
Lay's Baharatli,https://images.openfoodfacts.org/images/products/869/062/410/3069/front_en.6.400.jpg
Ice tea limon,https://images.openfoodfacts.org/images/products/869/057/400/0814/front_fr.3.400.jpg
Eti Browni Gold,https://images.openfoodfacts.org/images/products/869/052/605/3738/front_tr.4.400.jpg
Milka oreo choco,https://images.openfoodfacts.org/images/products/762/221/057/8266/front_ar.8.400.jpg
Sarelle,https://images.openfoodfacts.org/images/products/869/055/091/3411/front_tr.8.400.jpg
Ayran,https://images.openfoodfacts.org/images/products/868/132/400/2837/front_tr.14.400.jpg
Gum,https://images.openfoodfacts.org/images/products/000/008/082/6835/front_tr.5.400.jpg
bira,https://images.openfoodfacts.org/images/products/869/052/025/2953/front_tr.4.400.jpg
Donuts chocolat,https://images.openfoodfacts.org/images/products/327/655/058/9938/front_fr.18.400.jpg
Nesquik breakfast cereal bars,https://images.openfoodfacts.org/images/products/590/002/003/1136/front_fr.3.400.jpg
Ekmek,https://images.openfoodfacts.org/images/products/869/911/804/1474/front_en.3.400.jpg
haribo  goldbears,https://images.openfoodfacts.org/images/products/000/000/090/1222/front_es.4.400.jpg
Chewing-gum,https://images.openfoodfacts.org/images/products/869/052/405/2122/front_fr.15.400.jpg
Ayran,https://images.openfoodfacts.org/images/products/869/076/716/0042/front_fr.3.400.jpg
Nefis sutlu cikolatali,https://images.openfoodfacts.org/images/products/869/063/205/6753/front_en.12.400.jpg
Torku Lia,https://images.openfoodfacts.org/images/products/869/012/011/9960/front_tr.3.400.jpg
Hobby chocolate bar,https://images.openfoodfacts.org/images/products/869/050/402/7010/front_en.23.400.jpg
mini mini,Resim Yok
Honig-Senf Sauce,https://images.openfoodfacts.org/images/products/433/589/648/7274/front_tr.4.400.jpg
Classic Peach Nectar,https://images.openfoodfacts.org/images/products/000/008/690/0201/front_fr.3.400.jpg
Dido Trio,https://images.openfoodfacts.org/images/products/869/050/413/1458/front_en.6.400.jpg
el kremi,https://images.openfoodfacts.org/images/products/869/995/430/1381/front_tr.4.400.jpg
Mayonez,Resim Yok
Nutella Ferrero,https://images.openfoodfacts.org/images/products/800/050/022/5615/front_en.18.400.jpg
Caramels tendres au sel de Guerande,https://images.openfoodfacts.org/images/products/347/020/101/5870/front_fr.8.400.jpg
Fromage,https://images.openfoodfacts.org/images/products/000/002/305/2819/front_fr.6.400.jpg
black bruin,https://images.openfoodfacts.org/images/products/869/872/086/6611/front_en.3.400.jpg
ilmihal,https://images.openfoodfacts.org/images/products/978/975/901/8986/front_tr.4.400.jpg
Miel,https://images.openfoodfacts.org/images/products/869/099/810/2149/front_en.6.400.jpg
Danone,Resim Yok
Nocciolata organic hazelnut spread with cocoa,https://images.openfoodfacts.org/images/products/800/150/500/1099/front_en.4.400.jpg
Ayran,Resim Yok
Olive oil,https://images.openfoodfacts.org/images/products/869/137/522/9763/front_en.9.400.jpg
Hayat Su,https://images.openfoodfacts.org/images/products/869/359/340/0498/front_ar.10.400.jpg
Bebelac,https://images.openfoodfacts.org/images/products/869/974/500/6372/front_fr.3.400.jpg
Sparkling water,https://images.openfoodfacts.org/images/products/869/281/300/5055/front_tr.12.400.jpg
Skimmed cow milk,Resim Yok
STICK,https://images.openfoodfacts.org/images/products/868/125/950/0491/front_en.10.400.jpg
Collagen protein Drink,https://images.openfoodfacts.org/images/products/869/029/200/1506/front_fr.3.400.jpg
Protein vanilla milk,https://images.openfoodfacts.org/images/products/869/056/501/7531/front_en.13.400.jpg
Nut master,https://images.openfoodfacts.org/images/products/868/075/100/7910/front_tr.6.400.jpg
Twister,Resim Yok
Strawberry and cacao fruit Bar,https://images.openfoodfacts.org/images/products/868/118/508/6618/front_en.6.400.jpg
Nesfit Bitter Bar,https://images.openfoodfacts.org/images/products/590/002/002/8051/front_en.7.400.jpg
Nesfit,https://images.openfoodfacts.org/images/products/869/063/270/4630/front_en.4.400.jpg
Karamela,https://images.openfoodfacts.org/images/products/869/052/601/8065/front_tr.11.400.jpg
Nesquik cacao milk,https://images.openfoodfacts.org/images/products/869/063/204/9601/front_fr.3.400.jpg
Tomaten ketchup,https://images.openfoodfacts.org/images/products/869/080/436/7472/front_en.4.400.jpg
Cin cilek soslu biskuvi,https://images.openfoodfacts.org/images/products/000/008/692/0292/front_en.3.400.jpg
Haribo happy cola,https://images.openfoodfacts.org/images/products/869/121/609/0446/front_en.25.400.jpg
Altinbasak,https://images.openfoodfacts.org/images/products/869/050/401/1606/front_en.16.400.jpg
Energy bar,https://images.openfoodfacts.org/images/products/000/002/703/2244/front_nl.4.400.jpg
Water quellwasser,https://images.openfoodfacts.org/images/products/869/898/092/0016/front_tr.8.400.jpg
Baladna,https://images.openfoodfacts.org/images/products/868/121/200/8484/front_ar.4.400.jpg
Tahin,https://images.openfoodfacts.org/images/products/869/071/014/1678/front_en.18.400.jpg
Caramio,Resim Yok
Boom bastic burger,https://images.openfoodfacts.org/images/products/869/914/105/6025/front_tr.18.400.jpg
Almond flour,https://images.openfoodfacts.org/images/products/868/174/910/4437/front_es.4.400.jpg
lipton,https://images.openfoodfacts.org/images/products/160/167/600/0821/front_tr.4.400.jpg
Water,https://images.openfoodfacts.org/images/products/000/008/692/0421/front_fr.3.400.jpg
Kefirix Probiyotik Orman Meyveli,Resim Yok
massi moore,https://images.openfoodfacts.org/images/products/869/890/150/0099/front_tr.4.400.jpg
Varim %100 bira,Resim Yok
immunace,https://images.openfoodfacts.org/images/products/502/126/524/8667/front_en.4.400.jpg
Cityfarm organik peanut bitter,Resim Yok
Jus de pomme,https://images.openfoodfacts.org/images/products/869/507/700/3591/front_fr.3.400.jpg
Double roasted mixed nuts,https://images.openfoodfacts.org/images/products/869/123/040/7787/front_fr.3.400.jpg
Dilimli Tost Peyniri,https://images.openfoodfacts.org/images/products/869/507/700/6301/front_tr.9.400.jpg
Visne nektari,https://images.openfoodfacts.org/images/products/869/507/730/2038/front_tr.16.400.jpg
Nefis Ayran,Resim Yok
biray,Resim Yok
Cikolata,https://images.openfoodfacts.org/images/products/869/050/402/6204/front_en.8.400.jpg
Aivar,https://images.openfoodfacts.org/images/products/869/741/287/2619/front_de.16.400.jpg
Dardenel Ton Olive Oil,https://images.openfoodfacts.org/images/products/869/055/901/5192/front_en.5.400.jpg
elidor  sanbuan,https://images.openfoodfacts.org/images/products/869/063/794/7353/front_tr.4.400.jpg
ICE tea,https://images.openfoodfacts.org/images/products/868/020/551/3264/front_tr.4.400.jpg
coco pops,https://images.openfoodfacts.org/images/products/869/050/427/0591/front_tr.4.400.jpg
Nuga,https://images.openfoodfacts.org/images/products/869/164/152/9016/front_en.10.400.jpg
alpella 3gen,https://images.openfoodfacts.org/images/products/869/050/408/9759/front_tr.4.400.jpg
CALCIUM BENZOATE,Resim Yok
bioblas sanbuan,https://images.openfoodfacts.org/images/products/868/051/262/9603/front_tr.4.400.jpg
fromage blanc de brebis en saumure,https://images.openfoodfacts.org/images/products/380/023/123/0156/front_fr.10.400.jpg
misir pirinc,https://images.openfoodfacts.org/images/products/869/741/646/5008/front_tr.4.400.jpg
Earl Grey Whole leaf tea,https://images.openfoodfacts.org/images/products/479/224/285/7431/front_en.4.400.jpg
Ceysu,Resim Yok
Shot+,Resim Yok
johnson,https://images.openfoodfacts.org/images/products/357/466/153/1755/front_tr.4.400.jpg
Craw sticks,https://images.openfoodfacts.org/images/products/869/052/607/0124/front_en.7.400.jpg
"Efes pilsner, 5%",https://images.openfoodfacts.org/images/products/869/052/001/1499/front_nb.23.400.jpg
Kelebek - Farfalle,Resim Yok
coco pops,https://images.openfoodfacts.org/images/products/869/050/427/0591/front_tr.4.400.jpg
alpella 3gen,https://images.openfoodfacts.org/images/products/869/050/408/9759/front_tr.4.400.jpg
CALCIUM BENZOATE,Resim Yok
Cicibebe,https://images.openfoodfacts.org/images/products/869/053/302/1133/front_en.4.400.jpg
Ayran,https://images.openfoodfacts.org/images/products/868/132/400/2837/front_tr.14.400.jpg
Biscolata,Resim Yok
Protein vanilla milk,https://images.openfoodfacts.org/images/products/869/056/501/7531/front_en.13.400.jpg
Donuts chocolat,https://images.openfoodfacts.org/images/products/327/655/058/9938/front_fr.18.400.jpg
Berries,https://images.openfoodfacts.org/images/products/869/507/707/1576/front_tr.16.400.jpg
Ekmek,https://images.openfoodfacts.org/images/products/869/911/804/1474/front_en.3.400.jpg
bioblas sanbuan,https://images.openfoodfacts.org/images/products/868/051/262/9603/front_tr.4.400.jpg
fromage blanc de brebis en saumure,https://images.openfoodfacts.org/images/products/380/023/123/0156/front_fr.10.400.jpg
misir pirinc,https://images.openfoodfacts.org/images/products/869/741/646/5008/front_tr.4.400.jpg
haribo  goldbears,https://images.openfoodfacts.org/images/products/000/000/090/1222/front_es.4.400.jpg
Earl Grey Whole leaf tea,https://images.openfoodfacts.org/images/products/479/224/285/7431/front_en.4.400.jpg
Ceysu,Resim Yok
Nesquik breakfast cereal bars,https://images.openfoodfacts.org/images/products/590/002/003/1136/front_fr.3.400.jpg
The blue edition,https://images.openfoodfacts.org/images/products/000/009/037/6894/front_en.10.400.jpg
johnson,https://images.openfoodfacts.org/images/products/357/466/153/1755/front_tr.4.400.jpg
Craw sticks,https://images.openfoodfacts.org/images/products/869/052/607/0124/front_en.7.400.jpg
Torku Lia,https://images.openfoodfacts.org/images/products/869/012/011/9960/front_tr.3.400.jpg
"Efes pilsner, 5%",https://images.openfoodfacts.org/images/products/869/052/001/1499/front_nb.23.400.jpg
Kelebek - Farfalle,Resim Yok
Coco pops,https://images.openfoodfacts.org/images/products/868/253/022/0121/front_fr.3.400.jpg
schwarzkopf Glis sanbuan,https://images.openfoodfacts.org/images/products/869/057/278/9018/front_tr.4.400.jpg
Namet Gurme Sucuk,https://images.openfoodfacts.org/images/products/869/747/172/7219/front_en.4.400.jpg
kabartma tozu,https://images.openfoodfacts.org/images/products/869/911/800/6312/front_tr.6.400.jpg
Tuna,Resim Yok
Hhh,Resim Yok
bebek sanbuani,https://images.openfoodfacts.org/images/products/869/060/503/2906/front_tr.4.400.jpg
Cafe Buendia,https://images.openfoodfacts.org/images/products/770/721/163/0486/front_en.10.400.jpg
emrahsucai,Resim Yok
derby samur 3,https://images.openfoodfacts.org/images/products/869/088/522/3445/front_tr.4.400.jpg
Pure life,https://images.openfoodfacts.org/images/products/869/771/355/9981/front_fr.3.400.jpg
Sirma vitaminlli boisson,https://images.openfoodfacts.org/images/products/869/105/814/2570/front_tr.13.400.jpg
Ikram Gold Black Olives 800G,https://images.openfoodfacts.org/images/products/869/659/106/3269/front_en.6.400.jpg
Karisik meyve suyu,https://images.openfoodfacts.org/images/products/869/507/710/6520/front_fr.3.400.jpg
Dido Trio,https://images.openfoodfacts.org/images/products/869/050/413/1458/front_en.6.400.jpg
mate viva,https://images.openfoodfacts.org/images/products/000/009/044/8119/front_fr.4.400.jpg
Nimet,Resim Yok
Pepsi,https://images.openfoodfacts.org/images/products/869/057/483/0510/front_ku.8.400.jpg
Frappuccino Mocha,https://images.openfoodfacts.org/images/products/571/195/307/2024/front_en.8.400.jpg
Lipton,https://images.openfoodfacts.org/images/products/869/063/705/5003/front_fr.3.400.jpg
damak Chocolate,https://images.openfoodfacts.org/images/products/869/063/224/3726/front_en.4.400.jpg
Mayonez,https://images.openfoodfacts.org/images/products/869/507/700/0583/front_tr.8.400.jpg
Will ananas meyveli icecek,https://images.openfoodfacts.org/images/products/869/507/708/5429/front_en.9.400.jpg
Roasted sunflower,https://images.openfoodfacts.org/images/products/869/078/726/1033/front_fr.3.400.jpg
Ezogelin cabuk corba,https://images.openfoodfacts.org/images/products/869/063/750/3290/front_en.3.400.jpg
Olive oil,https://images.openfoodfacts.org/images/products/869/137/522/9763/front_en.9.400.jpg
Chocolatier,https://images.openfoodfacts.org/images/products/869/063/794/8848/front_fr.3.400.jpg
Biscolata stix choclate and bisquit,https://images.openfoodfacts.org/images/products/869/170/714/0193/front_en.13.400.jpg
Hayat Su,https://images.openfoodfacts.org/images/products/869/359/340/0498/front_ar.10.400.jpg
Adicto,https://images.openfoodfacts.org/images/products/869/052/601/8874/front_en.5.400.jpg
kenton vanilin,Resim Yok
jucy,Resim Yok
Fiyonk,https://images.openfoodfacts.org/images/products/869/507/705/6658/front_fr.5.400.jpg
sensedyne,https://images.openfoodfacts.org/images/products/869/954/363/0106/front_tr.3.400.jpg
Tea mixed apple,https://images.openfoodfacts.org/images/products/741/190/910/0013/front_fr.21.400.jpg
Ruffles ketchup,https://images.openfoodfacts.org/images/products/869/062/410/3571/front_en.10.400.jpg
Noisettes,https://images.openfoodfacts.org/images/products/869/089/200/3849/front_fr.3.400.jpg
Cerezos fox,https://images.openfoodfacts.org/images/products/869/147/737/7126/front_fr.3.400.jpg
Dana Macar Salam,Resim Yok
Meyve suyu,https://images.openfoodfacts.org/images/products/868/020/547/2394/front_tr.3.400.jpg
bebek sanbuani,https://images.openfoodfacts.org/images/products/869/060/503/2906/front_tr.4.400.jpg
Avsar,https://images.openfoodfacts.org/images/products/868/134/903/0228/front_en.7.400.jpg
Cafe Buendia,https://images.openfoodfacts.org/images/products/770/721/163/0486/front_en.10.400.jpg
emrahsucai,Resim Yok
Strawberry and cacao fruit Bar,https://images.openfoodfacts.org/images/products/868/118/508/6618/front_en.6.400.jpg
derby samur 3,https://images.openfoodfacts.org/images/products/869/088/522/3445/front_tr.4.400.jpg
Pure life,https://images.openfoodfacts.org/images/products/869/771/355/9981/front_fr.3.400.jpg
Sirma vitaminlli boisson,https://images.openfoodfacts.org/images/products/869/105/814/2570/front_tr.13.400.jpg
Bar cake chocolat blanc,https://images.openfoodfacts.org/images/products/869/050/405/9899/front_en.3.400.jpg
cream,https://images.openfoodfacts.org/images/products/869/050/649/8863/front_tr.3.400.jpg
dr. oetler kakao,Resim Yok
Frappuccino Mocha,https://images.openfoodfacts.org/images/products/571/195/307/2024/front_en.8.400.jpg
Lipton,https://images.openfoodfacts.org/images/products/869/063/705/5003/front_fr.3.400.jpg
Chocolate marshmallow sandwich,https://images.openfoodfacts.org/images/products/869/172/000/6223/front_en.7.400.jpg
Tuna,Resim Yok
Doritos Naco Pyenir,https://images.openfoodfacts.org/images/products/869/062/420/2281/front_fr.3.400.jpg
sensedyne,https://images.openfoodfacts.org/images/products/869/954/363/0106/front_tr.3.400.jpg
Tea mixed apple,https://images.openfoodfacts.org/images/products/741/190/910/0013/front_fr.21.400.jpg
Energy bar,https://images.openfoodfacts.org/images/products/000/002/703/2244/front_nl.4.400.jpg
Chocolat  60% Bitter Karadutlu,Resim Yok
Ruffles ketchup,https://images.openfoodfacts.org/images/products/869/062/410/3571/front_en.10.400.jpg
Karisik meyve suyu,https://images.openfoodfacts.org/images/products/869/507/710/6520/front_fr.3.400.jpg
Noisettes,https://images.openfoodfacts.org/images/products/869/089/200/3849/front_fr.3.400.jpg
Cerezos fox,https://images.openfoodfacts.org/images/products/869/147/737/7126/front_fr.3.400.jpg
Boom bastic burger,https://images.openfoodfacts.org/images/products/869/914/105/6025/front_tr.18.400.jpg
Meyve suyu,https://images.openfoodfacts.org/images/products/868/020/547/2394/front_tr.3.400.jpg
lipton,https://images.openfoodfacts.org/images/products/160/167/600/0821/front_tr.4.400.jpg
Ihlamur,https://images.openfoodfacts.org/images/products/869/943/221/0891/front_fr.3.400.jpg
Granola Chocolate Chips And Hazelnut,https://images.openfoodfacts.org/images/products/868/253/000/0204/front_en.19.400.jpg
Varim %100 bira,Resim Yok
Cappuccino,Resim Yok
Nesfit,https://images.openfoodfacts.org/images/products/869/063/270/4630/front_en.4.400.jpg
yarim yagli eritme peyniri,https://images.openfoodfacts.org/images/products/869/238/850/6766/front_tr.4.400.jpg
Gofrik,https://images.openfoodfacts.org/images/products/869/927/001/3418/front_en.7.400.jpg
Goldbears,https://images.openfoodfacts.org/images/products/869/121/601/8891/front_en.3.400.jpg
Double roasted mixed nuts,https://images.openfoodfacts.org/images/products/869/123/040/7787/front_fr.3.400.jpg
Cicibebe,https://images.openfoodfacts.org/images/products/869/053/302/1133/front_en.4.400.jpg
Arko Nem,Resim Yok
Moutarde de Dijon - French Mustard - Petits Gourmets,https://images.openfoodfacts.org/images/products/315/869/778/1737/front_fr.3.400.jpg
Kraker,https://images.openfoodfacts.org/images/products/869/050/475/2929/front_en.3.400.jpg
biray,Resim Yok
McVities,https://images.openfoodfacts.org/images/products/869/050/408/1944/front_tr.11.400.jpg
Limonata,Resim Yok
Lahana Sarma / Choux blancs farcis - 400 GR,https://images.openfoodfacts.org/images/products/869/157/302/4191/front_en.4.400.jpg
Cerezos fox,https://images.openfoodfacts.org/images/products/869/147/737/7126/front_fr.3.400.jpg
Corn flakes,https://images.openfoodfacts.org/images/products/869/050/427/1994/front_fr.3.400.jpg
bony vita,Resim Yok
Hazelnut spread,https://images.openfoodfacts.org/images/products/868/341/700/0102/front_en.9.400.jpg
Amada Duomax,https://images.openfoodfacts.org/images/products/869/170/709/5936/front_en.3.400.jpg
Vitamin c,https://images.openfoodfacts.org/images/products/869/008/802/4955/front_fr.3.400.jpg
studi,Resim Yok
Monarch gold,https://images.openfoodfacts.org/images/products/871/459/961/0336/front_fr.3.400.jpg
fromage blanc de brebis en saumure,https://images.openfoodfacts.org/images/products/380/023/123/0156/front_fr.10.400.jpg
Meyve suyu,https://images.openfoodfacts.org/images/products/868/020/547/2394/front_tr.3.400.jpg
Performance,Resim Yok
johnson,https://images.openfoodfacts.org/images/products/357/466/153/1755/front_tr.4.400.jpg
Earl Grey Whole leaf tea,https://images.openfoodfacts.org/images/products/479/224/285/7431/front_en.4.400.jpg
Choquise,https://images.openfoodfacts.org/images/products/871/917/984/3791/front_en.9.400.jpg
Kelebek - Farfalle,Resim Yok
HARIBO CHAMALLOWS,https://images.openfoodfacts.org/images/products/869/121/609/7162/front_en.6.400.jpg
Chocolat  60% Bitter Karadutlu,Resim Yok
Lays Klasik Mega 193gr,https://images.openfoodfacts.org/images/products/869/062/410/2277/front_en.7.400.jpg
MONIN Haselnuss Sirup Light,https://images.openfoodfacts.org/images/products/400/807/774/3352/front_de.19.400.jpg
Cappuccino,Resim Yok
Coated Cream Cake With Coconut,Resim Yok
Activia,Resim Yok
kenton vanilin,Resim Yok
Freeze-Dried Strawberry,https://images.openfoodfacts.org/images/products/200/000/013/0657/front_en.8.400.jpg
Ezogelin cabuk corba,https://images.openfoodfacts.org/images/products/869/063/750/3290/front_en.3.400.jpg
Halley,https://images.openfoodfacts.org/images/products/869/050/403/4032/front_fr.3.400.jpg
Gofrik,https://images.openfoodfacts.org/images/products/869/927/001/3418/front_en.7.400.jpg
Goldbears,https://images.openfoodfacts.org/images/products/869/121/601/8891/front_en.3.400.jpg
la Vache qui rit,Resim Yok
Moutarde de Dijon - French Mustard - Petits Gourmets,https://images.openfoodfacts.org/images/products/315/869/778/1737/front_fr.3.400.jpg
Kraker,https://images.openfoodfacts.org/images/products/869/050/475/2929/front_en.3.400.jpg
Frappuccino Mocha,https://images.openfoodfacts.org/images/products/571/195/307/2024/front_en.8.400.jpg
McVities,https://images.openfoodfacts.org/images/products/869/050/408/1944/front_tr.11.400.jpg
Lipton,https://images.openfoodfacts.org/images/products/869/063/705/5003/front_fr.3.400.jpg
Mixed Fruit Nectar,https://images.openfoodfacts.org/images/products/000/008/692/5082/front_fr.3.400.jpg
Doritos Naco Pyenir,https://images.openfoodfacts.org/images/products/869/062/420/2281/front_fr.3.400.jpg
Lahana Sarma / Choux blancs farcis - 400 GR,https://images.openfoodfacts.org/images/products/869/157/302/4191/front_en.4.400.jpg
cream,https://images.openfoodfacts.org/images/products/869/050/649/8863/front_tr.3.400.jpg
Bursa Muradiya,https://images.openfoodfacts.org/images/products/868/182/338/6056/front_fr.4.400.jpg
LEVADURA INSTANTANEA PAKMAYA,https://images.openfoodfacts.org/images/products/869/077/032/0235/front_ar.7.400.jpg
Ruffles ketchup,https://images.openfoodfacts.org/images/products/869/062/410/3571/front_en.10.400.jpg
Eti Finger Biscuit -,https://images.openfoodfacts.org/images/products/869/053/377/1021/front_en.6.400.jpg
Sivri Bamya,https://images.openfoodfacts.org/images/products/869/057/506/4310/front_tr.16.400.jpg
Lomos de bacalao salado,https://images.openfoodfacts.org/images/products/000/004/088/9764/front_fr.3.400.jpg
Erdnuss Riegel,https://images.openfoodfacts.org/images/products/869/078/782/1015/front_en.4.400.jpg
a,Resim Yok
Raw crakers,https://images.openfoodfacts.org/images/products/871/892/401/9481/front_fr.4.400.jpg
yarim yagli eritme peyniri,https://images.openfoodfacts.org/images/products/869/238/850/6766/front_tr.4.400.jpg
Cappy Cerise,https://images.openfoodfacts.org/images/products/544/900/024/9265/front_fr.4.400.jpg
Lentil chips,https://images.openfoodfacts.org/images/products/868/198/200/3153/front_fr.3.400.jpg
Sniti,https://images.openfoodfacts.org/images/products/869/507/751/7944/front_tr.4.400.jpg
mate viva,https://images.openfoodfacts.org/images/products/000/009/044/8119/front_fr.4.400.jpg
Oat Bran,https://images.openfoodfacts.org/images/products/869/655/406/0373/front_fr.3.400.jpg
studi,Resim Yok
Karisik meyve suyu,https://images.openfoodfacts.org/images/products/869/507/710/6520/front_fr.3.400.jpg
Kraker,https://images.openfoodfacts.org/images/products/869/050/475/2929/front_en.3.400.jpg
Sniti,https://images.openfoodfacts.org/images/products/869/507/751/7944/front_tr.4.400.jpg
Sut,Resim Yok
Mini cheetis,https://images.openfoodfacts.org/images/products/869/062/400/3093/front_fr.3.400.jpg
Lentil chips,https://images.openfoodfacts.org/images/products/868/198/200/3153/front_fr.3.400.jpg
Tuna,Resim Yok
jucy,Resim Yok
nescafe 2x1,https://images.openfoodfacts.org/images/products/869/063/203/8407/front_ar.4.400.jpg
yulaf,https://images.openfoodfacts.org/images/products/869/507/709/2472/front_tr.3.400.jpg
mini cake,https://images.openfoodfacts.org/images/products/869/035/117/0334/front_tr.4.400.jpg
Bursa Muradiya,https://images.openfoodfacts.org/images/products/868/182/338/6056/front_fr.4.400.jpg
Omega 3-6-9,https://images.openfoodfacts.org/images/products/869/790/323/1741/front_fr.3.400.jpg
Choquise,https://images.openfoodfacts.org/images/products/871/917/984/3791/front_en.9.400.jpg
Delikatessen Sauerkonserven,https://images.openfoodfacts.org/images/products/869/077/756/4007/front_en.6.400.jpg
Dardanel,Resim Yok
Will ananas meyveli icecek,https://images.openfoodfacts.org/images/products/869/507/708/5429/front_en.9.400.jpg
Eau gazeuse au citron,https://images.openfoodfacts.org/images/products/869/139/570/0013/front_fr.3.400.jpg
Ma Sante Tiramisu,https://images.openfoodfacts.org/images/products/869/507/701/7895/front_tr.4.400.jpg
Activia,Resim Yok
Granola Chocolate Chips And Hazelnut,https://images.openfoodfacts.org/images/products/868/253/000/0204/front_en.19.400.jpg
Raw crakers,https://images.openfoodfacts.org/images/products/871/892/401/9481/front_fr.4.400.jpg
Halley,https://images.openfoodfacts.org/images/products/869/050/403/4032/front_fr.3.400.jpg
Beef,https://images.openfoodfacts.org/images/products/869/747/172/1019/front_en.5.400.jpg
Magnesium Malate 1250 mg 180 Tab,Resim Yok
Arko Nem,Resim Yok
Cappy Cerise,https://images.openfoodfacts.org/images/products/544/900/024/9265/front_fr.4.400.jpg
no:1 Hazelnut,https://images.openfoodfacts.org/images/products/869/012/006/0187/front_en.6.400.jpg
Oat Bran,https://images.openfoodfacts.org/images/products/869/655/406/0373/front_fr.3.400.jpg
Special K,https://images.openfoodfacts.org/images/products/869/050/427/2328/front_en.6.400.jpg
Rioba Kahve Cappuccino,https://images.openfoodfacts.org/images/products/869/623/611/0266/front_tr.4.400.jpg
Monarch gold,https://images.openfoodfacts.org/images/products/871/459/961/0336/front_fr.3.400.jpg
Coated Cream Cake With Coconut,Resim Yok
la Vache qui rit,Resim Yok
Petit beurre biscuit Milk flavor,Resim Yok
Vitamin c,https://images.openfoodfacts.org/images/products/869/008/802/4955/front_fr.3.400.jpg
Freeze-Dried Strawberry,https://images.openfoodfacts.org/images/products/200/000/013/0657/front_en.8.400.jpg
Spaghetti,https://images.openfoodfacts.org/images/products/869/743/088/5493/front_en.4.400.jpg
Bar cake chocolat blanc,https://images.openfoodfacts.org/images/products/869/050/405/9899/front_en.3.400.jpg
Jack daniel's 1L,https://images.openfoodfacts.org/images/products/509/987/309/0183/front_fr.3.400.jpg
Uludag limonata nane aromali,https://images.openfoodfacts.org/images/products/869/072/318/3504/front_fr.3.400.jpg
mahbuba coffee,https://images.openfoodfacts.org/images/products/869/941/543/1923/front_tr.7.400.jpg
Magnum mini almond,Resim Yok
cream,https://images.openfoodfacts.org/images/products/869/050/649/8863/front_tr.3.400.jpg
Findux,https://images.openfoodfacts.org/images/products/869/911/801/4713/front_fr.3.400.jpg
O deep,https://images.openfoodfacts.org/images/products/370/128/177/0015/front_fr.3.400.jpg
ETI FORM,https://images.openfoodfacts.org/images/products/869/052/609/4090/front_en.8.400.jpg
Schweppes Mandarin,https://images.openfoodfacts.org/images/products/000/004/210/4896/front_fr.3.400.jpg
Eti Finger Biscuit -,https://images.openfoodfacts.org/images/products/869/053/377/1021/front_en.6.400.jpg
Lait de noisettes,Resim Yok
Haribo worms,Resim Yok
Aymen Hanune,Resim Yok
Master farm,https://images.openfoodfacts.org/images/products/868/219/085/3837/front_tr.3.400.jpg
Krispi pops,https://images.openfoodfacts.org/images/products/869/050/411/6318/front_tr.4.400.jpg
ETI FORM,https://images.openfoodfacts.org/images/products/869/052/609/4090/front_en.8.400.jpg
O deep,https://images.openfoodfacts.org/images/products/370/128/177/0015/front_fr.3.400.jpg
Griz,Resim Yok
Cicibebe,https://images.openfoodfacts.org/images/products/869/053/302/1133/front_en.4.400.jpg
Pinar lait,https://images.openfoodfacts.org/images/products/000/008/690/3103/front_tr.4.400.jpg
Biscolata,Resim Yok
Schweppes Mandarin,https://images.openfoodfacts.org/images/products/000/004/210/4896/front_fr.3.400.jpg
Berries,https://images.openfoodfacts.org/images/products/869/507/707/1576/front_tr.16.400.jpg
Tuborg,Resim Yok
Lait de noisettes,Resim Yok
mate viva,https://images.openfoodfacts.org/images/products/000/009/044/8119/front_fr.4.400.jpg
yarim yagli eritme peyniri,https://images.openfoodfacts.org/images/products/869/238/850/6766/front_tr.4.400.jpg
Ulker Biskrem Cocoa Biscuit,https://images.openfoodfacts.org/images/products/869/050/401/4201/front_fr.11.400.jpg
a,Resim Yok
bonaqua viva alma,Resim Yok
Metro,https://images.openfoodfacts.org/images/products/869/050/415/2071/front_en.7.400.jpg
Erdnuss Riegel,https://images.openfoodfacts.org/images/products/869/078/782/1015/front_en.4.400.jpg
Noix de Cajou,https://images.openfoodfacts.org/images/products/869/078/731/1059/front_fr.4.400.jpg
Cafe Art,https://images.openfoodfacts.org/images/products/869/056/501/7616/front_fr.3.400.jpg
Chocolate wafers,https://images.openfoodfacts.org/images/products/869/743/930/1000/front_en.4.400.jpg
Chocolat  60% Bitter Karadutlu,Resim Yok
MONIN Haselnuss Sirup Light,https://images.openfoodfacts.org/images/products/400/807/774/3352/front_de.19.400.jpg
umran,https://images.openfoodfacts.org/images/products/869/050/405/0056/front_tr.8.400.jpg
Doritos Naco Pyenir,https://images.openfoodfacts.org/images/products/869/062/420/2281/front_fr.3.400.jpg
Chocolate marshmallow sandwich,https://images.openfoodfacts.org/images/products/869/172/000/6223/front_en.7.400.jpg
Latte,Resim Yok
Eti Finger Biscuit -,https://images.openfoodfacts.org/images/products/869/053/377/1021/front_en.6.400.jpg
Magnum mini almond,Resim Yok
Bar cake chocolat blanc,https://images.openfoodfacts.org/images/products/869/050/405/9899/front_en.3.400.jpg
Ma Sante Tiramisu,https://images.openfoodfacts.org/images/products/869/507/701/7895/front_tr.4.400.jpg
Dardanel,Resim Yok
cream,https://images.openfoodfacts.org/images/products/869/050/649/8863/front_tr.3.400.jpg
bony vita,Resim Yok
Sour Rope Candy Apple Flavour,https://images.openfoodfacts.org/images/products/868/145/152/0815/front_en.16.400.jpg
